Name, Email, Phone, SavedAt
Jane Doe, jdoe@gmail.com, , 2024-09-01T12:54:00Z
Michael Johnson, mjohnson@outlook.com, 111-555-0123, 2024-09-02T08:15:30Z
Sarah Williams, swilliams@yahoo.com, , 2024-09-03T14:22:45Z
David Brown, dbrown@hotmail.com, 555-0456, 2024-09-04T09:33:12Z
Emily Davis, edavis@icloud.com, , 2024-09-05T16:47:25Z
Robert Wilson, rwilson@aol.com, 617-555-0789, 2024-09-06T11:28:55Z
Lisa Garcia, lgarcia@protonmail.com, , 2024-09-07T13:15:40Z
James Rodriguez, jrodriguez@tutanota.com, 555-0321, 2024-09-08T07:42:18Z
Jennifer Martinez, jmartinez@mail.com, , 2024-09-09T19:55:33Z
Christopher Anderson, canderson@zoho.com, 555-0654, 2024-09-10T10:19:27Z
Amanda Taylor, ataylor@fastmail.com, , 2024-09-11T15:38:50Z
Matthew Thomas, mthomas@rocketmail.com, 555-0987, 2024-09-12T12:06:15Z
Jessica Hernandez, jhernandez@gmx.com, , 2024-09-13T08:51:42Z
Daniel Moore, dmoore@yandex.com, 555-0147, 2024-09-14T17:24:08Z
Ashley Martin, amartin@mailbox.org, , 2024-09-15T14:37:55Z
Joshua Jackson, jjackson@guerrillamail.com, 555-0258, 2024-09-16T09:43:21Z
Stephanie Thompson, sthompson@dispostable.com, , 2024-09-17T11:29:14Z
Andrew White, awhite@10minutemail.com, 555-0369, 2024-09-18T16:52:37Z
Megan Lopez, mlopez@tempmail.org, , 2024-09-19T13:18:46Z
Ryan Lee, rlee@mailnator.com, 508-555-0471, 2024-09-20T07:35:29Z
Nicole Gonzalez, ngonzalez@throwaway.email, , 2024-09-21T18:41:52Z
Kevin Harris, kharris@guerrillamail.de, 555-0582, 2024-09-22T10:27:33Z
Lauren Clark, lclark@maildrop.cc, , 2024-09-23T15:14:08Z
Brandon Lewis, blewis@sharklasers.com, 555-0693, 2024-09-24T12:56:41Z
Crystal Robinson, crobinson@mailinator.com, , 2024-09-25T08:22:16Z
Justin Walker, jwalker@getnada.com, 555-0704, 2024-09-26T14:48:27Z
Rachel Perez, rperez@mohmal.com, , 2024-09-27T11:33:54Z
Anthony Hall, ahall@temp-mail.org, 555-0815, 2024-09-28T17:19:39Z
Brittany Young, byoung@emailondeck.com, , 2024-09-29T09:05:12Z
Nathan Allen, nallen@mytrashmail.com, 1-800-555-0926, 2024-09-30T13:41:58Z
Timothy Foster, tfoster@gmail.com, 212-555-1234, 2024-10-01T14:25:33Z
Melissa Carter, mcarter@yahoo.com, , 2024-10-02T09:18:47Z
Gregory Brooks, gbrooks@hotmail.com, 555-2345, 2024-10-03T16:42:19Z
Samantha Bell, sbell@outlook.com, , 2024-10-04T11:55:22Z
Patrick Murphy, pmurphy@icloud.com, 310-555-3456, 2024-10-05T08:37:14Z
Christina Reed, creed@aol.com, , 2024-10-06T13:29:58Z
Tyler Bailey, tbailey@protonmail.com, 555-4567, 2024-10-07T10:14:31Z
Victoria Cook, vcook@tutanota.com, , 2024-10-08T17:58:46Z
Sean Powell, spowell@mail.com, 773-555-5678, 2024-10-09T12:43:27Z
Heather Ross, hross@zoho.com, , 2024-10-10T07:26:15Z
Austin Cooper, acooper@fastmail.com, 555-6789, 2024-10-11T15:51:39Z
Danielle Ward, dward@rocketmail.com, , 2024-10-12T11:38:52Z
Marcus Torres, mtorres@gmx.com, 503-555-7890, 2024-10-13T18:22:08Z
Kimberly Parker, kparker@yandex.com, , 2024-10-14T09:47:33Z
Jacob Peterson, jpeterson@mailbox.org, 555-8901, 2024-10-15T14:15:46Z
Alexis Gray, agray@guerrillamail.com, , 2024-10-16T06:59:21Z
Caleb Rivera, crivera@dispostable.com, 916-555-9012, 2024-10-17T13:34:57Z
Jasmine Howard, jhoward@10minutemail.com, , 2024-10-18T10:17:44Z
Derek Watson, dwatson@tempmail.org, 555-0123, 2024-10-19T16:52:31Z
Monique Sanders, msanders@mailnator.com, , 2024-10-20T08:28:16Z
Evan Price, eprice@throwaway.email, 405-555-1234, 2024-10-21T15:43:29Z
Tara Bennett, tbennett@guerrillamail.de, , 2024-10-22T12:19:54Z
Blake Wood, bwood@maildrop.cc, 555-2345, 2024-10-23T07:35:42Z
Courtney Barnes, cbarnes@sharklasers.com, , 2024-10-24T14:58:17Z
Maxwell Ross, mross@mailinator.com, 818-555-3456, 2024-10-25T11:24:03Z
Gabrielle King, gking@getnada.com, , 2024-10-26T18:41:38Z
Omar Collins, ocollins@mohmal.com, 555-4567, 2024-10-27T09:16:25Z
Natalie Stewart, nstewart@temp-mail.org, , 2024-10-28T16:37:51Z
Isaac Sanchez, isanchez@emailondeck.com, 602-555-5678, 2024-10-29T13:52:14Z
Sierra Morris, smorris@mytrashmail.com, , 2024-10-30T10:28:47Z
Tristan Rogers, trogers@gmail.com, 555-6789, 2024-10-31T17:14:32Z
Destiny Hughes, dhughes@yahoo.com, , 2024-11-01T08:49:56Z
Lance Flores, lflores@hotmail.com, 713-555-7890, 2024-11-02T15:25:21Z
